1.5168,33.8944,30.8088,0.884,33.8944,1016.4632,0.356,2.9096,0.01728,0.6416,18,1,2
8.0392,28.4588,23.2528,0.8124,25.4244,1006.0384,3.3328,5.35124,0,0,13,2,2
1.248,27.0192,23.6868,0.872,26.8412,1028.1812,0.4748,1.96672,0,0,17,1,2
5.7724,14.7744,7.8556,0.7468,13.0228,1014.6352,2.224,9.40992000000001,0,0,7,1,2
1.8416,21.5584,17.2876,0.8368,21.0384,1008.0532,0.7696,6.45708,0,0,21,1,2
14.2256,19.0236,13.854,0.8032,10.6732,997.5656,6.1628,4.74564,0.00004,0.0056,15,3,2
7.1436,20.0152,16.1896,0.8484,18.2072,996.6932,2.8088,4.4398,0.00912,0.236,13,3,2
1.6968,29.9652,27.2196,0.8936,29.9652,1002.42,0.6336,5.64644,0.0008,0.0888,11,12,2
1.7912,31.0356,24.6604,0.78,30.9396,1021.8164,0.5628,6.10692,0.0008,0.0352,16,1,2
6.0216,37.424,30.2928,0.7648,36.8964,1014.7408,2.0236,8.01648,0.00944,0.2472,27,2,2
3.9344,34.8164,28.6208,0.7896,34.6932,1010.712,1.3312,7.25668,0.00544,0.256,12,1,2
1.812,21.4804,14.864,0.758,21.4804,1030.084,0.5056,8.02912,0.00028,0.0256,7,2,1
6.222,33.752,29.0996,0.8332,32.3256,1005.5208,2.4944,6.43448,0.0064,0.2268,24,1,1
7.4784,31.3904,28.8268,0.9032,29.1844,1020.5144,3.1596,2.44232,0.00356,0.2032,8,3,1
6.9616,37.3948,31.2896,0.798,35.7796,1004.8196,3.0324,4.83744,0.00076,0.0352,2,3,1
4.1852,34.8344,24.6472,0.676,34.2872,1023.31,1.6224,9.99700000000001,0,0,29,11,3
12.3216,26.9028,23.4256,0.8676,21.8872,994.0896,4.8904,4.28232,0.00188,0.0432,14,2,1
6.2676,12.5432,4.422,0.7068,10.2056,1013.9668,2.7372,4.52032,0.00432,0.118,2,2,1
8.4676,28.4388,21.4688,0.756,25.452,1008.0484,3.3208,5.86396,0.00068,0.0244,9,2,1
3.0888,15.8372,6.6308,0.6776,15.8372,1023.4632,0.9644,6.311,0,0,18,1,1
14.2256,19.0236,13.854,0.8032,10.6732,997.5656,6.1628,4.74564,0.00004,0.0056,15,3,1
2.7792,16.9728,12.9468,0.8392,16.9728,1019.3384,1.1824,3.82416,0,0,2,2,1
3.1632,16.1632,12.2032,0.8412,16.1632,1017.4884,1.0956,2.03012,0.00076,0.0556,9,2,1
5.598,22.3128,8.4532,0.5932,20.4956,1022.3572,2.3352,5.79844,0,0,14,3,1
1.1948,32.7336,30.746,0.9232,32.7336,1011.5904,0.4036,1.35708,0.00368,0.2308,1,3,1
4.3504,22.9656,11.3516,0.6208,22.9656,1026.6048,1.4564,8.39224,0,0,8,2,1
4.2716,35.1812,27.0328,0.7348,34.5052,1013.5836,1.5556,6.96924,0.0014,0.0852,7,3,3
2.8956,26.4212,18.4724,0.728,26.2452,1017.3776,1.0604,5.86032,0.00256,0.0656,5,2,1
3.6384,17.832,7.802,0.6572,17.4696,1024.4848,1.344,6.82316,0.00036,0.026,13,2,3
7.0936,29.7216,24.4856,0.8144,26.8424,1011.0232,2.7588,5.62796,0.0008,0.0552,5,2,0
1.9736,34.974,32.4308,0.9088,34.8432,1014.5128,0.5456,5.41904,0.00096,0.0412,8,12,0
7.9996,33.884,29.5244,0.8412,30.6596,1014.9268,3.932,8.73792,0.00436,0.118,3,3,0
4.0452,35.4184,26.5452,0.716,35.3104,1018.1396,1.5244,8.68032,0.0034,0.1088,21,12,0
6.3012,22.886,12.5476,0.678,18.4964,1010.5256,4.1104,6.56156,0,0,30,1,0
13.412,45.3052,39.7808,0.812,42.9968,998.3516,5.136,8.4028,0.00804,0.2956,12,1,0
2.5676,38.1332,36.0216,0.9204,37.4868,1012.3772,1.316,3.31108,0.00048,0.08,26,11,0
7.056,7.7004,-5.3576,0.548,3.7244,1025.7184,2.9476,9.99700000000001,0,0,8,1,0
8.14,21.9508,9.2872,0.5792,18.9272,1017.36,3.1208,9.99700000000001,0,0,6,2,0
5.1884,20.3632,7.2732,0.5676,18.8288,1025.098,2.606,9.99700000000001,0,0,1,3,0
1.084,34.0204,30.3432,0.8652,34.0204,1013.9108,0.2428,7.54752,0,0,3,12,0
2.4304,30.0668,19.1072,0.6424,29.8112,1023.2356,0.816,9.99700000000001,0.00004,0.004,1,2,0
10.7228,28.3632,17.2508,0.6316,23.7592,1005.8532,4.2664,9.90216000000001,0.00016,0.0308,5,1,0
5.7268,32.5848,21.5808,0.6608,31.0084,1016.1836,2.3452,8.454,0.00008,0.014,14,12,0
4.3448,38.6552,33.5712,0.82,38.466,1013.1768,1.6336,8.992,0.00008,0.0176,15,12,0
4.8212,-0.4424,-10.9084,0.6088,-2.8436,1027.1592,1.7548,9.89792000000001,0,0,24,1,0
4.5884,37.3152,28.6788,0.7136,37.3152,1024.4064,1.746,9.99700000000001,0,0,15,12,0
12.5592,27.8,20.896,0.7508,21.594,1010.5868,5.6096,8.6834,0,0,23,12,0
3.3764,25.2908,15.974,0.686,24.9192,1029.6996,1.2444,9.94760000000001,0,0,16,1,0
5.8444,24.1884,13.2244,0.6392,22.582,1028.9952,2.306,9.99700000000001,0,0,22,11,0
11.0012,42.9964,36.0952,0.7752,40.304,1021.9564,4.3044,9.21744000000001,0.00596,0.2436,13,1,0
11.5288,13.8044,-4.0832,0.4424,7.9236,1019.9444,4.1864,9.99700000000001,0,0,28,1,0
6.8464,50.8812,47.6568,0.89,50.8812,1005.2784,2.1972,7.31544,0.01708,0.508,17,11,0
8.16,30.8272,20.152,0.6576,28.4688,1025.0792,3.2692,8.13608,0.00036,0.0508,26,11,0
9.6884,30.8724,24.6712,0.7772,27.6176,1012.7392,3.8608,9.12296,0.00012,0.0156,29,12,0
4.6948,5.9508,-0.846400000000001,0.7352,3.5496,1019.4648,1.7496,7.94452,0,0,31,12,0
1.2632,31.01,25.2728,0.7996,31.01,1030.5044,0.2116,9.99700000000001,0,0,13,12,0
6.8468,34.7928,25.242,0.6824,33.4336,1012.0268,2.39,9.99700000000001,0,0,13,2,0
2.5928,36.4508,27.9812,0.7172,36.3744,1018.994,0.814,9.0392,0,0,15,2,0
4.7788,9.5256,-0.2896,0.6436,7.0084,1024.5624,2.41,9.99700000000001,0,0,10,1,0
3.9256,30.5108,20.2212,0.6692,27.7948,1018.4196,3.3308,9.2496,0,0,3,2,0
3.9844,35.8348,28.2944,0.746,35.8348,1034.1244,1.2984,9.99700000000001,0,0,3,12,0
0,38.0776,28.9512,0.706,32.3316,1018.2724,8.1912,9.99700000000001,0.0056,0.1824,22,11,0
7.3836,23.5956,16.5224,0.7484,20.4532,1009.8472,3.1276,8.98732,0.00008,0.0172,3,1,0
10.4232,41.002,38.7492,0.9152,38.8152,1012.8864,4.1156,3.89656,0.00748,0.3196,30,1,0
2.6664,70.8596,61.5684,0.744,71.484,1019.9764,0.8196,9.99700000000001,0,0,21,8,0
6.4768,51.0488,47.6632,0.882,51.0024,1015.922,2.3108,9.4374,0.00292,0.16,22,10,0
12.912,39.33,25.1772,0.5672,36.0728,1008.5128,4.8948,9.99700000000001,0.00172,0.222,15,3,0
9.918,73.7932,61.758,0.6716,74.1608,1011.0544,5.4728,9.98048,0,0,13,7,0
4.366,71.352,64.7956,0.808,72.306,1010.416,1.5188,8.13008,0.00516,0.092,29,6,0
4.1556,69.3648,56.9708,0.6772,69.4244,1000.9328,1.4796,9.97460000000001,0.00184,0.1312,7,6,0
10.996,31.8832,19.5136,0.6076,28.272,1025.6272,4.0136,9.91912000000001,0,0,10,3,0
5.2344,36.5636,34.8164,0.9336,36.3556,1012.0104,1.736,4.85056,0.00944,0.7112,9,11,0
4.7508,29.7816,24.8456,0.8252,29.3296,1016.8328,1.6648,6.1612,0.00216,0.0736,9,12,1
1.8268,33.0304,31.4728,0.9384,32.2276,1010.7848,1.4448,1.39992,0.01232,0.5088,24,2,1
4.0344,20.9888,16.044,0.8132,20.0276,1010.3824,1.88,4.54028,0.00128,0.0468,12,1,1
3.4192,15.8476,6.4976,0.674,15.6592,1023.0512,1.3336,6.5228,0.00036,0.042,18,1,1
3.2692,16.982,13.2844,0.8508,16.982,1019.0644,1.556,4.16964,0.00024,0.0264,2,2,1
6.5584,29.3424,26.9472,0.9064,27.9252,1009.3492,2.6796,3.05996,0.03,0.4936,7,3,1
2.19,32.466,30.2488,0.914,32.466,1010.6932,0.9356,2.24628,0.00292,0.1812,1,3,1
1.584,30.6584,24.4928,0.7848,30.556,1021.168,0.548,6.15516,0.0008,0.0368,16,1,1
4.6588,23.1044,11.29,0.6152,22.9584,1026.0248,1.8268,8.82236,0,0,8,2,1
5.6124,12.2268,6.0888,0.7648,9.6804,1025.4708,2.2896,4.57748,0.00048,0.0516,2,1,1
9.9736,-0.0388000000000001,-4.982,0.7908,-9.2912,1015.3652,4.2196,2.96176,0.00004,0.0032,3,1,1
2.9948,26.0564,18.338,0.7324,25.8692,1021.8456,1.1504,5.98456,0.00272,0.0876,5,2,1
6.7988,18.5328,13.5276,0.8088,16.698,1016.9168,2.8312,6.69648,0.00072,0.0692,6,2,2
12.2116,26.5172,23.2836,0.8768,21.3516,991.324,5.0448,3.74376,0.0024,0.1064,14,2,1
1.5236,29.622,27.1412,0.9036,29.622,1001.2472,0.8496,5.12096,0.00104,0.1028,11,12,1
10.1016,2.0252,-9.026,0.598,-2.6992,1022.3252,3.7176,9.98620000000001,0,0,8,1,2
11.066,17.4524,6.8848,0.6372,11.3348,1017.2856,4.5512,8.08392,0.00004,0.0032,9,1,2
4.7072,27.974,19.2252,0.7084,27.4984,1028.59,1.862,6.24492,0.0006,0.0532,12,1,2
8.57,15.1368,7.252,0.7092,9.0784,1011.804,4.2716,5.8034,0.00068,0.04,27,1,1
6.8356,12.7072,4.9924,0.7192,9.7976,1012.9596,3.116,4.51344,0.00116,0.136,2,2,1
5.7984,5.0988,-0.534,0.772,1.9508,1014.2872,2.498,7.4972,0.00012,0.028,3,2,2
3.7984,16.2324,12.4748,0.8492,16.2324,1016.8312,1.494,2.17812,0.00052,0.0512,9,2,1
3.6508,23.0304,18.7588,0.8364,22.5796,1019.6636,1.4548,7.02308,0.00036,0.0244,10,2,2
2.8748,25.276,18.4916,0.776,24.8804,1006.5936,1.0344,5.41796,0.00076,0.048,9,2,2
9.1752,25.2008,15.246,0.6792,22.3036,1013.8536,3.788,6.60856,0.00048,0.026,4,4,2
5.8112,30.5968,24.1236,0.778,30.0704,1018.3584,2.4772,5.59952,0.00204,0.092,12,12,1
3.5356,17.1928,6.3516,0.6276,16.0936,1013.1728,1.5044,7.54752,0.00012,0.0056,4,1,3
17.076,11.5476,4.2368,0.7232,0.135999999999999,998.4308,7.782,5.15144,0,0,5,1,2
0.9796,27.1312,23.9828,0.8784,26.9684,1027.2808,0.4344,1.61088,0.00032,0.0316,17,1,1
7.1344,29.6892,24.6404,0.8192,26.7008,1009.6772,3.0992,6.06912,0.00136,0.074,5,2,2
1.6936,21.1372,14.724,0.7636,21.1372,1029.6956,0.644,8.09676000000001,0.00056,0.0304,7,2,1
5.2184,21.7808,15.9156,0.7832,20.6552,1020.3904,2.1688,7.83468,0.0006,0.024,8,2,2
6.5628,37.3592,31.206,0.7968,35.4156,1003.564,3.3628,4.9008,0.00236,0.1184,2,3,1
4.1896,34.8856,26.628,0.732,34.1084,1013.3056,1.8712,7.17956,0.0012,0.0708,7,3,3
2.5284,31.7476,28.9608,0.8944,31.2716,1005.5408,1.4352,3.68668,0.00296,0.2212,8,3,2
3.9328,34.4312,27.7008,0.7764,33.9836,1009.0324,1.8784,5.5188,0.0008,0.0796,13,3,1
5.174,30.8688,27.3332,0.8668,29.244,999.7256,2.8032,3.0748,0.00272,0.2224,14,3,2
6.1664,28.766,22.5544,0.7944,23.6748,1014.5448,5.4984,5.10668,0.00912,0.3912,16,11,1
5.3412,37.2344,34.8872,0.9124,33.7304,998.0696,4.9948,6.87908,0.01492,0.7384,27,11,2
10.2484,2.1992,-11.0492,0.5344,-8.4912,1030.2228,6.9208,9.24492,0,0,22,1,2
4.7552,23,13.5208,0.7,17.8192,1010.1852,4.6784,6.7426,0.00416,0.2264,30,1,2
8.8332,4.5232,-12.7344,0.4452,-7.166,1019.596,7.3512,8.72184,0.00024,0.0036,31,1,2
5.342,20.59,3.862,0.488,15.2444,1029.5668,4.76,7.73524,0.00304,0.0772,12,2,3
6.474,25.518,21.4684,0.8476,22.1932,1008.6024,3.7964,5.15424,0.00768,0.3032,13,2,2
4.1168,13.6152,7.2588,0.7644,8.7536,1021.1692,3.8944,5.4878,0.00184,0.2684,28,2,2
5.4808,32.1072,24.1296,0.7528,28.5468,1011.4836,4.6664,7.36464,0.00416,0.2484,4,3,2
4.8804,10.4552,-1.0372,0.602,8.4728,1029.548,2.2552,9.99700000000001,0,0,27,12,0
2.8524,48.4488,46.6868,0.936,48.3948,1017.9916,1.1108,4.49644,0.00352,0.1272,23,12,0
0,35.3856,26.2764,0.7044,29.1584,1017.9932,7.9964,9.99700000000001,0.004,0.256,30,11,0
15.284,35.5852,28.0268,0.7484,30.6,1004.0552,6.2076,8.65456,0.00576,0.1772,18,1,0
11.034,42.8052,36.0576,0.7792,39.834,1020.7856,4.8104,9.17340000000001,0.00688,0.2512,13,1,0
3.9252,15.4032,9.6604,0.7792,13.5128,1019.5448,1.8848,8.95196,0,0,18,1,0
11.9576,29.6872,21.0312,0.6984,25.6304,1006.8832,4.4176,9.71616,0,0,23,12,0
13.0128,32.3272,23.832,0.7056,26.0092,1001.5528,6.99,9.19296,0.00008,0.018,19,2,0
13.4328,32.0596,23.4912,0.7172,27.2944,1005.4556,5.1288,8.79728000000001,0.00324,0.1924,20,2,0
1.3032,24.412,20.7972,0.8628,24.2544,1006.4468,0.6732,5.38988,0.00024,0.0272,19,1,0
15.5184,16.4044,2.9888,0.5496,7.9648,1017.2948,5.9148,9.59648000000001,0,0,20,2,0
14.8308,41.8124,36.3416,0.814,35.7636,1010.3304,10.5372,8.846,0.01204,0.374,1,1,0
11.8,24.1852,9.1504,0.5236,18.5332,1008.2412,4.8528,9.99700000000001,0,0,17,2,0
6.6244,29.1588,22.3996,0.7588,27.3712,1005.5456,2.4592,7.3156,0.0006,0.0764,15,2,0
4.3452,26.7692,17.0488,0.6732,26.1216,1023.6828,1.6172,9.99700000000001,0,0,8,2,0
6.4752,32.9732,20.8432,0.624,31.6472,1022.0808,2.7448,9.99700000000001,0,0,27,2,0
6.3928,21.4248,9.6204,0.6028,19.08,1019.316,2.414,9.99700000000001,0,0,23,1,0
2.2856,36.0404,27.6016,0.7168,35.9584,1018.6704,0.8412,9.16216,0,0,15,2,0
7.3428,5.1736,-5.5016,0.6224,1.398,1028.4764,2.8848,9.70460000000001,0,0,21,2,0
9.7936,2.1364,-7.462,0.6384,-6.2152,1014.422,4.252,9.99700000000001,0,0,22,1,0
3.4864,54.1756,46.2928,0.7664,54.1756,1010.1896,1.4372,9.32708,0,0,24,2,0
4.0204,29.3924,20.1524,0.6832,25.8684,1016.9356,3.986,10,0,0,16,1,0
6.8776,34.0716,23.6132,0.6516,32.4296,1020.6852,3.0232,9.99700000000001,0,0,4,12,0
6.5376,37.792,32.8176,0.8244,36.4036,1012.2728,3.0372,9.87692000000001,0.00004,0.0036,23,1,0
14.7704,30.7784,24.3224,0.7672,24.4956,996.7072,6.3852,6.62144,0.00204,0.1056,21,11,0
8.604,23.232,15.7032,0.7288,19.4984,1009.4104,3.386,9.77072,0,0,16,12,0
6.8288,32.5976,21.0404,0.6332,27.5268,1016.814,6.4532,9.8082,0,0,3,1,0
9.6728,36.6388,32.4884,0.8536,33.352,986.314,4.7016,7.1892,0.0146,0.3688,26,2,0
3.8172,24.7616,15.8288,0.694,23.9636,1027.038,1.6176,9.99700000000001,0,0,15,1,0
15.2632,21.404,9.9432,0.61,13.5044,1005.068,6.55,8.06076,0,0,29,12,0
4.1244,22.0896,15.8248,0.7688,21.4128,1024.104,1.5348,9.98220000000001,0.00008,0.0096,29,11,0
1.8576,12.8408,2.4004,0.644,12.8408,1030.6604,0.8072,6.45832,0.00052,0.0168,1,2,0
8.17,28.1712,23.1452,0.818,24.8748,1004.664,3.6332,4.60024,0.00024,0.0192,13,2,0
2.002,23.2,14.2444,0.6964,22.284,1021.5452,1.7764,9.83576,0,0,11,12,0
3.1116,46.7936,41.2568,0.8168,46.7936,1012.2904,1.2824,9.10996,0,0,11,12,0
15.0516,16.7184,12.144,0.8208,7.7952,998.0312,6.3512,3.53244,0.00016,0.0044,27,12,0
13.3528,37.6432,29.97,0.7416,34.2632,1010.8744,5.0792,8.75660000000001,0.03448,0.2596,2,12,0
2.876,18.9724,12.7472,0.7672,18.1692,1017.5268,1.506,9.25668,0.00012,0.0252,12,1,0
4.8416,47.7544,39.3044,0.7436,47.7364,1023.296,1.8624,9.16948,0,0,17,11,0
4.9252,39.9664,27.5988,0.6244,39.8344,1030.0984,1.746,9.99700000000001,0,0,17,11,0
15.5472,43.6684,28.1816,0.5472,40.09,1008.8552,5.998,9.95320000000001,0.00004,0.0028,19,11,0
6.4172,13.8928,5.3096,0.6844,11.4044,1025.1352,2.4992,8.28908,0,0,6,1,0
4.0736,31.6084,26.8932,0.8272,31.1008,1022.8092,1.5384,8.80196,0.0002,0.0348,26,1,0
2.1504,28.8796,23.5252,0.8124,28.8796,1010.6424,0.7752,5.48176,0.0002,0.0212,29,1,0
5.1084,20.0572,12.6088,0.7368,18.5992,1016.284,1.9556,7.70648,0.00004,0.006,10,2,0
8.4856,18.262,10.174,0.7024,13.3164,1006.5036,3.936,9.74156,0,0,5,1,0
2.8748,25.276,18.4916,0.776,24.8804,1006.5936,1.0344,5.41796,0.00076,0.048,9,2,0
11.5276,22.256,17.8744,0.8364,15.8644,1012.9976,4.9176,3.88788,0.00284,0.1024,9,2,0
4.4124,35.454,26.522,0.7052,34.9016,1023.2484,1.7984,9.26364,0.00184,0.114,24,12,0
2.9948,26.0564,18.338,0.7324,25.8692,1021.8456,1.1504,5.98456,0.00272,0.0876,5,2,0
7.7332,30.8668,21.4864,0.6892,29.2076,1021.1544,3.0044,9.99700000000001,0.00004,0.0044,15,11,0
1.22,22.2728,11.3516,0.6508,22.188,1028.2996,0.3368,9.99700000000001,0,0,7,1,0
5.4776,49.0044,41.8152,0.7632,49.0044,1016.1556,1.9016,9.99700000000001,0,0,14,12,0
5.7524,38.6576,25.9876,0.6116,37.5888,1014.102,2.3292,9.99700000000001,0,0,7,2,0
7.5796,42.1532,37.4596,0.8336,41.09,1025.1064,3.026,8.20028,0.00008,0.0128,5,12,0
5.4136,39.61,28.248,0.6524,39.3932,1019.6144,1.9212,8.86676,0.00468,0.2484,23,11,0
6.8484,30.0448,15.11,0.5412,27.7716,1019.4312,3.0172,9.86900000000001,0,0,2,3,0
6.5916,36.5548,30.43,0.8132,35.6568,1009.9556,2.7328,7.99664,0.0068,0.194,22,2,0
0,37.0012,27.874,0.7048,31.18,1017.9948,7.9024,9.99700000000001,0.00464,0.2516,25,11,0
8.3652,37.6548,21.5708,0.5204,36.2264,1011.6636,2.7616,9.99700000000001,0,0,31,1,0
3.7004,47.7664,39.7388,0.742,47.7664,1015.5288,1.6944,9.99700000000001,0,0,12,12,0
6.9308,37.824,34.9232,0.8916,36.9664,1017.7096,2.7364,7.02084,0.00688,0.274,11,1,0
8.166,22.924,12.6356,0.6492,20.0752,1019.0016,3.2612,9.99700000000001,0,0,21,1,0
3.194,27.1296,22.3068,0.8248,26.6204,1009.786,1.3252,5.63816,0.00104,0.0604,1,2,0
5.1456,35.652,32.16,0.8704,35.1684,1016.5772,1.9108,9.69064000000001,0.00064,0.0608,24,11,0
7.7172,33.52,25.586,0.73,31.4984,1007.0924,2.8788,9.85080000000001,0.00072,0.0644,17,1,0
7.634,46.1612,40.9736,0.8288,43.1192,1011.1868,6.9596,8.36816,0.00024,0.0244,29,12,0
6.8728,14.562,1.32,0.5632,5.8788,1030.9644,6.5524,9.92416,0,0,12,1,0
2.3364,29.7564,24.5548,0.814,29.2748,1019.8644,1.1612,7.36028,0,0,17,1,0
4.0344,20.9888,16.044,0.8132,20.0276,1010.3824,1.88,4.54028,0.00128,0.0468,12,1,0
3.9612,14.6956,6.3648,0.6964,13.416,1015.8916,1.6564,9.99700000000001,0,0,15,12,0
12.4368,22.6664,13.5704,0.6772,15.8936,1017.1068,5.2784,9.96496000000001,0,0,10,1,0
7.9692,26.8984,20.3056,0.7596,22.6064,1011.38,4.0616,9.98700000000001,0,0,22,12,0
6.4484,28.992,21.2616,0.7304,26.9476,1024.1712,2.43,9.28676000000001,0,0,11,12,0
6.2108,17.236,7.6916,0.6672,9.5836,1027.7232,6.1556,8.4794,0,0,19,2,0
9.644,24.8628,14.0036,0.6372,19.4552,1006.794,5.3908,9.99700000000001,0,0,12,2,0
9.3432,48.1636,43.1916,0.8408,47.3116,1001.5624,3.6756,6.79076,0.00484,0.2944,25,12,0
1.9348,14.8048,7.458,0.7264,14.8048,1023.1256,0.636,9.83452,0,0,15,1,0
7.1416,40.2968,32.5636,0.7416,38.7272,1019.8196,4.1764,9.72332,0.00004,0.0012,27,2,0
5.5804,31.0948,17.45,0.5792,30.52,1031.7096,2.1268,9.99700000000001,0,0,27,1,0
3.214,82.6484,68.0904,0.6428,85.712,1015.7164,3.126,9.8156,0,0,1,7,0
2.5944,76.9664,66.3652,0.7168,78.6376,1014.7212,1.0348,9.76676,0,0,20,7,0
7.9976,64.9372,52.4552,0.658,64.9372,1014.676,2.7416,9.99700000000001,0.00044,0.04,5,8,0
1.4936,56.8276,48.6624,0.7672,56.8276,1025.6896,0.4328,8.45144,0,0,23,9,0
2.2276,67.8848,56.6316,0.7016,67.9292,1011.5816,0.9584,9.78996,0,0,16,6,0
8.3764,53.7524,38.8304,0.5704,53.688,1020.8808,3.5312,9.93612000000001,0.0008,0.0604,30,4,0
2.0272,69.5728,58.2132,0.7044,69.6532,1019.968,1.968,9.5784,0,0,30,7,0
0.844,61.0188,56.4252,0.8572,61.0392,1021.5752,0.49,6.02308,0,0,8,9,0
3.5876,58.0044,47.526,0.6904,58.0044,1023.8392,2.2668,9.8288,0,0,10,11,0
5.5472,82.1936,69.432,0.6692,86.12,1007.2184,2.224,9.7196,0.00044,0.0092,20,7,0
5.6748,70.43,59.9296,0.7128,70.6352,1021.2596,5.4352,9.96548,0,0,26,8,0
4.7044,67.2176,58.6392,0.746,67.5248,1023.0392,4.3492,9.87452,0.00004,0.0004,31,8,0
4.3108,66.7976,62.358,0.8624,67.234,1007.9356,1.8516,8.51244,0.027,0.396,12,6,0
7.936,67.7252,49.4064,0.5472,67.7252,1006.774,3.9156,9.6444,0.00184,0.0932,6,5,0
2.7708,71.4824,65.6472,0.8308,72.3652,1022.8044,2.44,9.1804,0,0,15,9,0
4.2288,35.6936,26.3108,0.6984,33.6016,1019.374,4.0092,9.5132,0,0,26,10,0
1.9932,70.5692,57.4268,0.6624,70.6328,1014.0876,0.7024,9.85388000000001,0,0,7,6,0
10.4528,48.2796,44.7312,0.8756,47.5136,1012.238,3.9092,8.23268,0.04492,0.6376,23,10,0
6.3104,49.9264,23.1228,0.3904,49.9264,1028.4644,2.4668,9.99700000000001,0,0,16,4,0
5.2368,36.57,35.0564,0.9432,32.7908,998.8144,5.0108,6.85672,0.02332,0.7392,27,11,2
6.002,27.4124,22.3912,0.82,24.8288,1005.8896,2.8312,5.08176,0.00012,0.0188,13,2,2
5.9464,23.0388,19.5872,0.8664,19.2232,1009.2288,3.7176,3.5612,0.01976,0.2788,13,2,2
13.5892,11.2904,3.4376,0.7044,1.092,1000.1816,6.4932,6.02664,0.00004,0.0028,5,1,2
4.2908,11.5864,5.076,0.7544,5.8784,1022.3604,3.6116,5.05056,0.00236,0.1552,28,2,2
1.6956,25.4416,21.0156,0.8324,25.4416,1018.1132,0.8432,7.62168,0.00012,0.0076,12,2,2
4.9196,20.4596,11.252,0.7072,15.698,1010.5356,4.2064,6.43068,0.00508,0.1292,30,1,2
12.2384,4.3796,-13.0256,0.44,-9.54,1019.6008,9.2784,9.10516,0,0,31,1,2
1.0388,25.9,22.7212,0.8768,25.7504,1028.126,0.4448,1.9274,0,0,17,1,2
12.1468,18.7244,14.5696,0.8372,11.3624,996.7412,5.2296,4.59356,0.0002,0.0196,15,3,2
0.7188,33.2916,30.28,0.8892,33.2916,1016.4552,0.3156,3.68476,0.00912,0.3872,18,1,2
5.536,31.3748,27.9184,0.872,30.778,1021.1148,2.3084,2.95372,0.00116,0.076,8,3,2
2.8332,35.1624,31.0864,0.8536,35.0592,1013.458,1.2968,7.63968,0.0006,0.06,16,1,2
5.5908,19.208,14.8368,0.8296,17.9688,995.7356,2.3484,4.57648,0.00368,0.1104,13,3,2
8.0548,0.714,-10.7872,0.5848,-3.196,1023.9944,3.0724,9.8448,0,0,8,1,2
2.8132,30.1944,23.7232,0.774,30.0876,1009.4084,1.1616,6.15204,0.0004,0.0476,12,12,2
4.668,38.1188,34.7616,0.8776,35.1744,1006.5192,4.3724,5.479,0.0384,0.8848,24,1,1
6.1628,21.4344,7.9396,0.5968,19.2164,1022.3572,2.7004,5.82484,0.00036,0.0332,14,3,1
2.8132,30.1944,23.7232,0.774,30.0876,1009.4084,1.1616,6.15204,0.0004,0.0476,12,12,1
4.668,38.1188,34.7616,0.8776,35.1744,1006.5192,4.3724,5.479,0.0384,0.8848,24,1,1
3.9956,29.7976,24.806,0.8264,29.7976,1018.4052,1.6412,5.73328,0.00028,0.0136,12,12,1
3.856,15.6612,11.9064,0.848,15.6612,1017.5124,1.6696,2.15308,0.00024,0.0244,9,2,1
2.6456,27.528,21.0116,0.7672,27.528,1029.5804,0.9932,8.83348,0.00108,0.05,9,12,1
7.8452,36.574,30.7448,0.8056,33.672,1004.8196,3.8576,5.13868,0.00064,0.056,2,3,1
5.8988,33.5548,29.2192,0.8428,31.8552,1005.5412,2.604,7.05756,0.00596,0.246,24,1,1
6.7892,27.6552,22.0552,0.8068,21.8712,1015.8584,6.718,5.08688,0.00708,0.212,16,11,1
2.3428,19.7464,13.3432,0.7648,19.7464,1030.0404,0.9568,8.09308,0.00028,0.0336,7,2,1
4.2648,21.0116,12.7032,0.712,21.0116,1026.094,1.6952,7.30776,0,0,22,12,1
2.986,15.0612,6.0624,0.6836,14.7236,1025.0752,1.246,7.53208,0,0,13,2,3
7.1964,27.4936,20.7632,0.762,24.5684,1007.7564,3.2348,5.93252,0.00056,0.0388,9,2,1
7.2004,10.7968,3.2496,0.72,7.756,1013.9668,3.4344,4.57924,0.00116,0.0872,2,2,1
7.1464,17.3536,1.6592,0.5012,9.77,1030.9492,5.7612,8.76132,0.00088,0.0308,12,2,3
0,30.7172,22.0832,0.7124,24.6456,1018.3992,6.476,9.99700000000001,0.00368,0.214,11,12,0
1.5752,32.7872,26.5392,0.79,32.7872,1039.1248,0.2852,8.88148,0,0,18,11,0
9.538,38.5388,29.9156,0.714,35.8948,1006.4208,4.0052,9.94600000000001,0.00124,0.1516,20,12,0
4.8912,23.7504,13.5944,0.664,22.9916,1022.008,1.3504,9.66124000000001,0.00052,0.0772,11,2,0
3.6952,32.0248,29.1692,0.8912,32.0248,1000.3812,1.5584,7.27336,0.00524,0.3064,25,1,0
5.0048,20.442,12.7932,0.7248,19.3552,1028.2968,1.8296,9.84064000000001,0,0,25,12,0
3.906,14.008,4.2572,0.6516,13.8084,1024.2268,1.6536,9.99700000000001,0,0,3,1,0
1.6956,25.4416,21.0156,0.8324,25.4416,1018.1132,0.8432,7.62168,0.00012,0.0076,12,2,0
14.2924,34.0872,26.4952,0.7492,29.3712,1004.176,5.6232,7.94228,0.0058,0.1408,18,1,0
2.9328,34.9676,24.7184,0.6652,34.7976,1015.7036,1.3156,9.99700000000001,0,0,24,11,0
1.3556,21.8028,11.3296,0.6612,21.8028,1028.49,0.3724,9.99700000000001,0,0,7,1,0
2.4368,29.2192,25.2232,0.8536,28.398,1024.72,2.3804,9.40284,0,0,31,12,0
3.6916,37.2152,33.0348,0.8484,36.9124,1012.8016,1.4624,8.60832,0,0,15,12,0
5.5832,29.4632,23.1928,0.7872,25.9496,1018.692,4.114,6.83476,0.00604,0.1132,21,2,0
10.8752,33.7736,26.5484,0.7496,28.5264,1017.1208,6.0208,9.04728,0.00396,0.2088,28,2,0
12.516,24.716,14.6992,0.6556,18.4732,1005.804,5.0976,9.2848,0.00032,0.0432,11,2,0
7.4224,36.4188,33.21,0.8832,33.0324,1000.5448,4.7084,6.27092,0.0118,0.3832,9,1,0
4.872,8.6344,-4.3812,0.558,7.0268,1024.1684,1.808,9.99700000000001,0,0,17,1,0
17.0836,32.8768,21.6892,0.6364,26.272,1002.8,7.6636,9.99700000000001,0,0,13,2,0
4.554,35.118,27.292,0.7352,33.9936,1023.6252,1.9932,9.95696000000001,0.00088,0.0496,10,12,0
8.6224,18.6748,9.7636,0.6848,14.3464,1002.976,3.8656,9.07664,0,0,14,12,0
9.8312,49.4056,44.5124,0.8356,48.5044,1014.8576,3.7528,8.61076,0.00356,0.1676,5,12,0
10.4056,45.904,35.3708,0.6708,44.4576,1011.1052,4.5088,9.99700000000001,0,0,4,12,0
6.1084,36.8448,29.8532,0.766,36.1908,1015.5804,2.1432,7.78304,0.00728,0.1652,27,2,0
4.2556,21.0932,12.8956,0.7096,19.8292,1010.9052,1.794,9.031,0,0,16,1,0
4.8984,18.9324,11.2456,0.7288,14.914,1020.1944,4.3836,8.14704,0,0,27,1,0
1.5288,27.92,19.3228,0.7172,27.5476,1018.8436,1.1048,9.49772,0.00004,0.0004,20,12,0
0.6248,33.7296,30.2888,0.8728,33.7296,1013.85,0.1536,7.2222,0,0,3,12,0
3.0552,39.6128,36.0204,0.8732,39.528,1018.3428,1.236,7.3392,0,0,9,12,0
15.304,24.6276,11.5016,0.5776,17.498,1015.0872,5.9908,9.65980000000001,0,0,24,11,0
0,32.0316,23.3456,0.7116,26.212,1018.4024,6.4792,9.99700000000001,0.00392,0.2116,7,12,0
3.8428,46.4216,43.8892,0.9108,46.2764,1007.3668,1.6604,5.8556,0.03828,0.608,16,11,0
1.2888,-0.0416000000000004,-7.6864,0.7004,-0.0416000000000004,1037.1208,0.4916,9.83536,0,0,14,1,0
4.7732,28.1644,20.0528,0.7284,26.7308,1008.1764,2.1616,9.91460000000001,0,0,5,1,0
7.986,37.096,25.8232,0.6432,36.218,1001.3056,3.0828,9.99700000000001,0.0002,0.0228,14,2,0
5.0664,31.3844,21.9724,0.6796,30.2228,1012.9892,2.2488,9.99700000000001,0.00048,0.0484,11,12,0
1.568,10.2088,4.362,0.772,10.2088,1030.0288,0.4456,9.91692000000001,0.00016,0.0204,22,1,0
2.3428,19.7464,13.3432,0.7648,19.7464,1030.0404,0.9568,8.09308,0.00028,0.0336,7,2,0
1.7504,30.8532,23.6488,0.7484,30.8532,1020.7284,0.508,9.07152,0,0,31,12,0
5.4744,38.302,28.0408,0.6688,37.7076,1009.2528,2.2524,9.55636000000001,0,0,3,3,0
5.2308,34.4764,24.2696,0.6716,33.5296,1022.4364,2.356,9.95232000000001,0,0,29,11,0
0.9032,35.8144,34.0016,0.9312,35.8144,1015.89,0.1808,2.69924,0.00724,0.4848,8,12,0
2.5968,16.2856,10.2736,0.7728,16.2856,1021.5976,1.0472,9.84944000000001,0,0,11,2,0
4.9476,10.9676,-0.8008,0.602,5.366,1035.4384,4.306,9.3692,0,0,23,11,0
3.608,34.378,27.388,0.7576,33.9672,1024.0452,1.4444,9.68444,0,0,16,2,0
5.9364,12.108,0.1136,0.5852,10.1588,1018.268,2.4936,9.99700000000001,0.00016,0.032,22,2,0
1.5492,34.528,29.2456,0.8152,34.364,1022.198,0.638,9.56016,0,0,27,12,0
4.5016,54.8112,52.45,0.9196,54.8612,1012.4692,1.5792,5.95096,0.01732,0.362,24,12,0
9.5456,53.7732,48.9584,0.8392,53.6808,998.5048,3.668,8.70708000000001,0.01296,0.2856,15,12,0
4.0104,24.8456,16.128,0.6984,23.9636,1016.6428,1.5788,9.64636000000001,0,0,4,1,0
4.9708,20.4512,11.9928,0.698,18.2604,1020.522,2.414,9.99700000000001,0,0,11,1,0
5.9276,21.8268,12.3208,0.6728,20.0332,1009.6072,2.3948,9.91196000000001,0,0,4,2,0
2.8332,35.1624,31.0864,0.8536,35.0592,1013.458,1.2968,7.63968,0.0006,0.06,16,1,0
4.6248,25.2612,12.4192,0.5844,24.0124,1019.0868,2.0068,9.99700000000001,0,0,5,2,0
10.6216,56.5764,50.19,0.8052,56.5764,1005.7512,4.2816,8.50428000000001,0.01148,0.398,18,11,0
2.6972,69.3016,64.546,0.8592,70.2664,1016.9832,0.9456,7.47228,0.01264,0.1228,30,5,0
4.2484,60.5356,53.4124,0.7824,60.5356,1011.8664,1.9096,9.95832000000001,0,0,17,10,0
6.1932,74.5836,66.2484,0.7636,75.6644,1010.9948,2.7788,8.16368,0.00164,0.096,26,7,0
1.0192,57.34,50.5264,0.8016,57.34,1024.0796,0.2196,7.91532,0,0,29,9,0
9.6032,48.8124,37.778,0.6572,48.464,1029.1968,3.356,9.99700000000001,0,0,3,10,0
3.8788,73.5316,65.1636,0.768,74.6544,1012.692,1.802,9.23992000000001,0,0,12,8,0
10.2672,35.9652,30.6528,0.8124,33.0944,1011.98,3.904,9.65072000000001,0.0018,0.1332,31,3,0
3.024,63.768,51.0084,0.6504,63.768,1007.8648,1.3108,9.89520000000001,0.00332,0.0668,25,5,0
3.972,57.1316,54.6048,0.914,57.1368,1010.5412,1.3312,8.8326,0.02164,0.6312,8,6,0
7.2136,46.5236,20.6184,0.3844,46.5236,1015.2892,2.7384,9.99700000000001,0,0,25,4,0
7.1464,30.4404,15.5872,0.5488,28.0216,1017.9108,3.118,9.99700000000001,0,0,9,4,0
1.122,67.044,61.8796,0.8412,67.4792,1009.4632,0.4816,7.43004,0.00036,0.058,27,6,0
5.96,73.6788,61.714,0.6836,74.1452,1009.7808,2.7232,9.43944000000001,0.00412,0.1232,8,9,0
2.024,73.966,69.9632,0.8824,75.646,1014.4748,0.7988,6.62972,0.00512,0.2312,26,8,0
2.7216,68.9576,58.512,0.7164,68.982,1014.4992,1.1444,9.53212,0,0,26,7,0
8.6348,5.0652,-11.9772,0.45,-6.8696,1019.9612,7.6768,8.84096,0,0,31,1,2
6.1744,30.93,17.8248,0.5968,26.978,1026.1252,5.39,9.7956,0,0,13,3,2
4.4928,14.1992,7.9856,0.7712,8.7748,1021.332,4.2568,5.63944,0.00216,0.3112,28,2,2
5.2196,37.5548,34.976,0.9048,34.0588,998.0548,4.9872,6.83592,0.0116,0.6,27,11,2
11.2456,3.2748,-10.9772,0.5076,-8.8632,1030.23,8.1288,9.32944,0,0,22,1,2
4.8636,23.9064,13.8708,0.6804,19.058,1010.29,4.7448,6.73496,0.00532,0.2692,30,1,2
7.2696,32.8304,28.8576,0.8524,30.6488,999.2536,3.2832,7.40276,0.00644,0.3228,25,1,2
8.3136,28.7852,23.5296,0.8104,25.5712,1004.6944,3.6944,4.46856,0.00008,0.0088,13,2,2
5.4308,22.5352,16.3892,0.7756,21.2856,1020.4324,2.2208,7.86632,0.00036,0.0168,8,2,2
7.1404,30.2308,24.7892,0.806,27.3868,1009.7368,2.954,6.01396,0.00152,0.0852,5,2,2
1.5948,34.268,30.8616,0.8736,34.268,1016.3952,0.5536,5.4782,0.01704,0.688,18,1,2
3.2768,27.6808,22.4564,0.8112,27.2036,1009.878,1.3512,5.61916,0.00108,0.0676,1,2,2
2.3984,32.1688,29.0624,0.8836,31.6272,1005.5748,1.346,3.93708,0.00256,0.1904,8,3,2
6.628,19.3596,13.9056,0.7944,16.9292,1016.9756,2.8992,6.87088,0.0006,0.0664,6,2,2
6.868,37.672,30.1316,0.7516,36.6992,1014.846,2.4904,7.67852,0.00948,0.27,27,2,2
17.094,12.3636,4.6104,0.708,1.3856,998.3236,7.4944,4.64408,0,0,5,1,2
6.3216,17.0444,2.8,0.5304,14.946,1023.534,2.6636,9.78760000000001,0,0,8,1,2
6.2812,5.9992,-0.112,0.7564,2.142,1014.2892,2.6808,7.5992,0.00004,0.0196,3,2,2
8.1036,20.5616,16.4552,0.8384,17.4904,993.4376,3.21,3.44768,0.00988,0.2764,13,3,2
11.0932,17.9728,6.9976,0.6256,12.0176,1017.562,4.506,8.10676,0.00004,0.0024,9,1,2
9.5316,39.1052,34.5636,0.8436,37.8028,1006.428,3.7372,5.65072,0.01644,0.4788,6,1,2
8.8868,25.9048,15.7532,0.6736,23.3348,1013.9716,3.6224,6.45304,0.00056,0.0472,4,4,1
1.758,30.0692,27.0472,0.8832,30.0692,1001.3572,0.9632,5.5682,0.001,0.0888,11,12,1
0.9784,27.8992,24.44,0.8664,27.8992,1027.4192,0.4604,1.63564,0.00016,0.0148,17,1,1
9.3584,29.4268,19.068,0.6548,25.5232,1011.312,4.036,8.98824,0.00056,0.07,2,2,1
6.0016,29.09,22.6588,0.7892,24.1708,1014.522,5.5252,4.99628,0.00936,0.5708,16,11,1
1.4748,31.1564,24.6596,0.7744,31.0708,1021.312,0.5056,6.18552,0.00056,0.0248,16,1,1
7.3424,11.552,-2.1136,0.5416,9.0132,1022.7256,2.7604,9.96488000000001,0,0,17,1,1
3.2124,23.8936,13.576,0.6564,23.6392,1025.538,1.374,8.45608,0,0,22,12,1
5.6336,21.6864,4.7284,0.4872,15.7692,1029.6692,5.194,7.83648,0.00328,0.1092,12,2,3
5.1528,10.3748,-0.1612,0.6308,8.738,1031.9548,1.9464,9.99200000000001,0,0,12,2,3
2.7044,26.484,18.6776,0.73,26.2876,1021.9044,1.0476,5.981,0.0024,0.0916,5,2,1
4.7816,47.2028,43.3928,0.8676,47.2028,1012.8528,1.6336,7.58584,0.00652,0.3052,23,12,0
10.61,24.638,14.4716,0.6512,18.2452,998.8808,5.5768,8.67364,0.0002,0.0228,20,2,0
0,37.6592,28.6128,0.7068,32.1464,1017.9044,7.6152,9.99700000000001,0.00468,0.2416,23,11,0
5.3144,15.3964,4.4476,0.6184,13.8524,1012.4728,2.3688,9.31360000000001,0.00004,0.002,4,2,0
2.7412,23.5072,17.096,0.7704,23.1552,1009.704,0.9264,9.47064,0,0,28,1,0
3.836,17.8776,6.8404,0.624,16.5292,1013.2588,1.6312,7.53856,0,0,4,1,0
0,32.2728,23.3724,0.7052,25.4432,1017.906,7.8828,9.99700000000001,0.00368,0.256,10,12,0
15.8804,11.1704,0.460000000000001,0.6188,0.806399999999999,1016.5556,6.7076,9.40288,0,0,31,1,0
7.2676,30.7716,18.4316,0.6052,29.3924,1029.356,2.7484,9.99700000000001,0,0,20,11,0
5.9792,27.4912,23.3604,0.8428,27.116,1018.4268,2.1692,5.20256,0.0062,0.1896,16,2,0
7.6292,28.45,23.3132,0.8088,24.0572,1006.0656,3.9612,5.10044,0.00008,0.0072,2,1,0
8.2952,23.6292,12.8928,0.6376,21.0016,1019.0236,3.3,9.99700000000001,0,0,21,1,0
0.5484,46.3752,43.7196,0.9052,46.3752,1017.6092,0.1152,5.87852,0.00012,0.016,16,11,0
3.0164,37.7428,32.4512,0.8124,37.4536,1010.696,1.3668,8.05584,0.00024,0.0392,19,12,0
0,26.53,18.0336,0.7112,18.398,1017.692,7.9824,9.99700000000001,0.003,0.2712,31,12,0
9.8452,14.99,4.9672,0.6452,9.3944,1010.6576,4.0624,9.95696000000001,0,0,7,2,0
5.5536,25.0456,11.442,0.5688,22.156,1034.8688,4.1184,10,0,0,15,11,0
1.6408,35.3036,29.2396,0.7924,35.2292,1021.9588,0.5588,9.92132000000001,0,0,27,12,0
1.5244,35.4912,30.5588,0.8224,35.4912,1013.8548,0.3328,9.571,0.00052,0.0464,31,12,0
4.7444,10.37,0.0996000000000001,0.6404,7.8756,1027.4216,2.1668,9.99700000000001,0,0,6,2,0
2.9992,34.1112,24.1336,0.682,33.7936,1010.704,0.996,8.58116,0.0002,0.0428,11,2,0
0.9328,31.1152,28.484,0.8988,31.1152,1014.0272,0.6384,5.44556,0.001,0.0636,27,11,0
5.072,35.4616,27.8532,0.7432,34.1228,1023.3284,2.0448,9.65432000000001,0.001,0.0432,10,12,0
1.026,33.502,25.3616,0.7424,33.502,1025.2748,0.2132,9.98356,0,0,20,11,0
5.5708,38.3948,27.0164,0.6504,37.7232,1016.2032,2.2312,9.99700000000001,0,0,21,11,0
6.5108,36.356,25.1092,0.6504,35.41,1014.194,2.6012,9.94428000000001,0,0,18,2,0
16.9268,29.9264,22.3876,0.7388,23.0716,1007.3912,6.9424,9.43892000000001,0.00184,0.1732,28,11,0
3.638,31.8072,25.0976,0.7652,31.8072,1009.4008,1.442,6.26984,0.00128,0.1064,12,12,0
3.3192,14.1224,4.2376,0.6572,13.0872,1038.7092,1.2612,9.41776,0,0,1,3,0
4.882,17.6992,13.7972,0.8444,17.14,1013.918,1.9092,2.67428,0.0008,0.054,15,12,0
5.3424,35.5564,32.6388,0.8904,34.718,995.9504,1.706,7.99284,0.00608,0.466,13,1,0
1.5948,34.268,30.8616,0.8736,34.268,1016.3952,0.5536,5.4782,0.01704,0.688,18,1,0
7.6056,42.6776,29.688,0.6108,41.852,1016.0648,3.3604,9.99700000000001,0,0,20,2,0
2.7328,10.7816,-3.8076,0.5316,10.3192,1022.314,0.9952,9.99700000000001,0,0,29,1,0
9.6224,49.1212,43.5588,0.8228,48.446,1001.7928,3.6804,6.7814,0.005,0.3188,25,12,0
17.24,6.2944,-5.3832,0.5812,-5.0144,1013.1572,6.808,8.8054,0,0,20,2,0
7.1188,32.7072,24.3012,0.726,30.448,1020.3412,3.0704,6.9684,0.0014,0.1056,18,2,0
7.5428,23.0852,12.7336,0.642,19.5644,1028.05,3.3788,9.5166,0,0,26,12,0
3.2836,20.9592,7.4212,0.5744,20.4708,1029.888,1.2172,8.70956000000001,0.00012,0.0044,28,1,0
0.7128,37.1724,31.3548,0.8088,37.1724,1029.7584,0.2428,8.99724,0,0,19,11,0
4.7052,39.5756,30.0708,0.6972,39.2668,1042.0328,1.8308,9.99700000000001,0,0,26,11,0
4.1888,49.0612,36.696,0.6508,48.9768,1010.7248,1.6652,9.99700000000001,0.00012,0.0172,1,3,0
7.5272,36.1812,31.7664,0.842,34.444,1006.1132,2.6752,7.11688,0.0228,0.388,19,1,0
11.746,27.2192,12.0152,0.5284,22.4036,1017.6356,4.7344,9.99700000000001,0,0,3,3,0
2.3636,33.5864,28.4788,0.818,33.5084,1019.978,0.8656,9.99700000000001,0.00008,0.0092,28,11,0
11.2072,17.6396,4.258,0.554,10.4072,1019.5444,4.884,9.99700000000001,0,0,3,3,0
7.8344,42.8528,37.7772,0.822,41.8016,1025.2016,2.9464,8.40324,0.00008,0.0164,5,12,0
0.9784,27.8992,24.44,0.8664,27.8992,1027.4192,0.4604,1.63564,0.00016,0.0148,17,1,0
1.532,28.8188,20.862,0.738,28.7364,1030.2916,0.6484,9.97696000000001,0,0,13,12,0
13.672,46.6592,35.998,0.6652,44.3584,1008.6952,5.8944,9.99700000000001,0.0002,0.0304,18,11,0
4.7884,30.0012,23.728,0.7764,28.9572,1011.7676,2.0536,6.09016,0.00048,0.03,25,12,0
4.5348,33.8608,26.2832,0.7392,33.044,1018.8744,1.8,9.98408000000001,0.00092,0.0664,7,1,0
3.698,38.7144,35.8408,0.8936,38.63,1013.7016,1.5704,6.80492,0.02152,0.4476,23,1,0
10.3148,27.7596,14.1504,0.566,23.6228,1022.9412,4.1468,9.34448000000001,0,0,4,2,0
11.5196,18.7084,2.5792,0.4932,14.1988,1029.8648,4.6728,9.96424000000001,0,0,3,3,0
8.3348,17.2652,9.0884,0.7004,10.2516,1013.0808,4.8892,7.70156,0,0,9,1,0
5.4832,20.686,13.6944,0.7452,17.8732,1005.7148,2.6592,8.404,0,0,16,12,0
4.0636,33.3304,26.7832,0.7792,32.1144,1005.8208,1.8144,9.37252,0.00016,0.0292,28,12,0
1.5396,26.062,18.1272,0.7208,25.918,1016.0328,0.4876,9.99700000000001,0,0,30,12,0
6.464,39.3144,29.5916,0.6896,37.9288,1018.7908,3.1184,9.99700000000001,0,0,19,11,0
8.9792,35.0712,23.6692,0.63,33.146,1019.1484,3.1344,9.99700000000001,0,0,26,1,0
2.708,32.422,20.392,0.62,31.358,1021.6108,2.1096,9.83104,0.00036,0.0052,2,3,0
5.2888,16.3536,6.578,0.6612,14.198,1022.3776,2.5088,7.43112,0.0004,0.0484,18,1,0
0,40.2876,31.2776,0.7116,35.4548,1017.8856,7.398,9.99700000000001,0.005,0.2348,15,11,0
7.5796,43.686,35.622,0.7548,42.1132,999.5752,3.13,6.649,0.00972,0.3568,20,11,0
6.1748,43.3724,40.1272,0.886,42.9524,1009.1076,2.3752,7.64968,0.00508,0.3208,22,12,0
6.8292,7.6036,-5.2804,0.5528,3.6104,1025.4732,2.7736,9.99700000000001,0,0,8,1,0
10.0408,32.7852,21.0536,0.6208,29.2296,1022.5192,4.708,9.99700000000001,0,0,9,2,0
5.2132,0.778,-6.5008,0.7156,-2.1696,1029.678,2.09,9.92348000000001,0,0,4,1,0
9.5624,14.874,9.5608,0.7932,9.1372,1003.5984,4.0688,2.75676,0,0,15,2,0
1.6444,65.704,53.3336,0.676,65.7456,1016.0224,0.5268,9.99700000000001,0,0,1,8,0
5.4532,34.4828,16.7596,0.5156,30.8064,1026.89,5.1752,9.9174,0.00008,0.0012,19,3,0
5.0868,48.582,40.1928,0.7336,48.1068,1020.4132,2.1348,9.99700000000001,0,0,6,11,0
6.7744,45.8028,25.1272,0.4636,45.6352,1013.6128,2.5864,9.99700000000001,0,0,8,4,0
2.0548,77.9952,66.8308,0.7104,79.264,1014.4792,1.154,9.11752,0.00324,0.1088,18,7,0
3.3644,70.89,63.4044,0.788,71.6784,1013.0504,1.0896,9.165,0.00288,0.1328,6,8,0
2.3756,62.8284,51.5608,0.6908,62.8284,1016.56,1.5124,9.99700000000001,0,0,12,9,0
3.1276,25.358,9.2216,0.5476,23.3912,1024.8084,2.5368,9.56192,0.00008,0.0008,9,3,0
4.198,58.9724,51.2512,0.7728,58.9856,1019.26,1.564,9.58312,0.00536,0.2248,20,9,0
2.0304,58.4724,52.6288,0.8204,58.4724,1019.266,1.8188,8.7576,0.0112,0.4464,28,9,0
4.9292,64.3408,58.0336,0.8064,64.6004,1007.6388,1.41,9.39060000000001,0.00368,0.1648,14,8,0
5.2112,63.752,41.328,0.4724,63.752,1015.1128,1.798,9.99700000000001,0,0,3,5,0
2.8036,57.7524,50.7156,0.7864,57.7524,1027.3296,1.2148,9.99700000000001,0,0,10,9,0
1.3576,57.8916,50.4492,0.7864,57.8916,1015.7816,0.3456,8.81448,0,0,1,10,0
2.276,55.4928,50.834,0.8452,55.498,1013.5084,1.5384,9.09892,0.00216,0.2104,3,10,0
3.7356,62.342,53.0564,0.7336,62.372,1016.842,1.1712,9.97256000000001,0,0,3,10,0
5.9972,37.3832,24.4092,0.6036,36.1724,1023.0076,2.6688,9.99700000000001,0,0,30,3,0
2.9652,54.2356,46.4896,0.7696,53.9132,1029.0048,2.7832,9.40576,0,0,24,9,0
4.3624,68.0144,57.3192,0.7044,68.1404,1012.5968,1.6944,9.99344000000001,0.0002,0.0308,14,7,0
2.2864,73.5756,65.5056,0.7708,75.0432,1005.7728,1.1424,9.70644,0.01392,0.1268,26,6,0
7.4036,28.178,22.66,0.8136,22.4832,1015.4736,6.0416,4.70824,0.00712,0.3312,16,11,2
16.0108,11.3528,3.7312,0.7116,0.450400000000001,1000.686,7.1964,5.19444,0,0,5,1,2
1.1228,26.3492,23.0532,0.8736,26.152,1028.0332,0.4652,1.76972,0.00008,0.004,17,1,2
6.3392,31.322,28.418,0.8908,30.0432,1020.8068,2.6712,2.74052,0.00228,0.1748,8,3,2
13.5296,18.5972,14.196,0.8272,10.5632,997.2764,5.7756,3.82988,0.00024,0.0108,15,3,2
7.124,27.8284,22.7304,0.8156,24.9204,1005.8304,3.2624,5.067,0.00008,0.0084,13,2,2
9.0264,1.4204,-9.8524,0.5912,-3.0356,1023.9364,3.3692,9.96360000000001,0,0,8,1,2
1.0772,29.836,27.4164,0.9068,29.836,1002.2428,0.8048,4.98972,0.00072,0.0864,11,12,2
4.3708,33.2864,26.9044,0.7808,32.9028,1010.6,1.8052,7.23348,0.0032,0.1664,12,1,2
5.5816,19.4788,15.6148,0.8464,18.3288,995.4528,2.3528,4.258,0.0064,0.1736,13,3,2
4.958,30.2724,24.9816,0.8148,29.9852,1018.3724,1.9408,5.7608,0.00068,0.0336,12,12,2
2.8048,20.9728,16.4624,0.8276,20.0084,1007.4012,1.1828,6.31024,0,0,21,1,2
5.0896,12.2584,5.8916,0.762,6.2876,1022.0272,3.802,5.28704,0.00172,0.1688,28,2,2
8.9096,30.0672,18.1968,0.6244,26.5788,1026.2112,5.174,9.7432,0,0,13,3,2
8.68,28.928,26.3772,0.9012,26.8272,1011.3716,3.302,3.243,0.0218,0.3748,7,3,2
5.96,37.0592,30.114,0.7688,36.344,1014.9776,2.2372,7.4816,0.00904,0.2296,27,2,2
7.7344,18.5188,2.7344,0.5032,11.3952,1030.5736,5.4096,7.85384,0.00152,0.048,12,2,3
3.2676,16.1592,6.7372,0.6728,15.778,1024.7696,1.3504,7.25308,0.00024,0.0208,13,2,3
4.3156,21.8448,12.8384,0.6924,21.6536,1025.96,1.664,7.49644,0.00004,0.0024,22,12,1
7.4036,28.178,22.66,0.8136,22.4832,1015.4736,6.0416,4.70824,0.00712,0.3312,16,11,1
3.1204,53.5792,46.0356,0.7752,53.5792,1010.1632,1.2348,9.20436,0,0,24,2,1
5.8672,21.7228,7.9556,0.5924,19.6516,1022.2472,2.508,5.82956,0.0004,0.0176,14,3,1
4.2916,16.7132,12.8804,0.846,16.3136,1019.9444,1.8528,4.09504,0,0,2,2,1
4.4164,20.9264,15.8368,0.8064,19.8288,1011.7912,2.1244,4.48752,0,0,12,1,1
13.5296,18.5972,14.196,0.8272,10.5632,997.2764,5.7756,3.82988,0.00024,0.0108,15,3,1
3.3844,26.102,18.1168,0.7268,25.7772,1017.9436,1.278,5.85896,0.00172,0.054,5,2,1
8.68,28.928,26.3772,0.9012,26.8272,1011.3716,3.302,3.243,0.0218,0.3748,7,3,1
3.4392,14.6576,5.644,0.6816,14.6576,1023.4532,1.1484,6.73768,0,0,18,1,1
7.372,36.936,30.8868,0.7988,34.718,1004.6708,3.5424,4.88664,0.00132,0.0608,2,3,1
7.7052,27.7772,20.924,0.758,24.8716,1007.856,3.27,5.90904,0.001,0.0376,9,2,1
11.586,26.658,23.2688,0.87,21.9844,992.9064,4.7064,3.8414,0.0012,0.0428,14,2,1
2.0532,32.16,29.7996,0.9096,32.16,1011.018,1.0024,1.41556,0.00168,0.1,1,3,1
3.6104,15.7268,12.0292,0.8512,15.7268,1017.3056,1.5008,2.0622,0.00076,0.052,9,2,1
13.9836,28.4192,17.1604,0.63,18.8096,1011.3284,10.8892,9.49304,0,0,18,12,0
8.714,27.0468,20.3136,0.7552,23.272,1012.4144,3.72,9.92744000000001,0,0,22,12,0
9.3288,21.4428,8.794,0.5784,17.1764,1017.1808,3.6256,9.99700000000001,0,0,6,2,0
7.1472,29.436,24.2444,0.8144,26.3688,1010.8168,3.0792,5.5764,0.00088,0.0552,5,2,0
11.7416,11.852,-2.15,0.5376,5.2236,1017.8832,4.6464,9.18436000000001,0,0,28,2,0
2.9284,33.142,23.5224,0.6904,32.8804,1011.2872,1.0088,8.4396,0.00004,0.0088,11,2,0
7.5,35.3828,31.4032,0.8544,33.326,1006.6108,2.9032,7.58692,0.01624,0.342,19,1,0
11.7028,41.2284,32.088,0.7048,38.8576,1003.4684,4.1836,9.90092000000001,0.00168,0.172,2,1,0
4.8928,30.472,20.4464,0.664,28.2432,1014.2552,2.4624,9.99700000000001,0.00004,0.0044,3,2,0
13.0848,20.2944,10.0108,0.642,13.592,1012.9428,5.2876,9.99700000000001,0,0,8,2,0
4.6216,29.5036,24.7196,0.8296,29.1908,1017.1752,1.6076,6.29848,0.00032,0.0148,9,12,0
9.1748,31.9424,25.3632,0.766,28.306,997.1708,4.608,9.08160000000001,0.00064,0.0716,18,2,0
4.7968,23.686,13.6852,0.662,21.9684,1014.8312,2.0948,9.09936,0,0,6,1,0
2.4484,21.1924,16.1412,0.812,20.4092,1015.3376,1.2244,7.28508,0,0,20,12,0
6.3544,35.5768,27.878,0.7356,34.4696,1018.658,2.6616,9.99700000000001,0,0,17,12,0
5.7356,43.76,39.9488,0.8684,43.3232,1024.0576,2.0316,5.37352,0.01292,0.4596,20,2,0
9.5736,32.9648,18.436,0.5568,29.702,1011.1848,3.7524,9.86444,0,0,24,2,0
11.1604,24.2236,8.9992,0.5212,18.874,1009.8312,4.5816,9.99700000000001,0,0,17,2,0
1.8276,28.1508,24.2612,0.854,27.804,1018.5744,0.8212,7.39124,0.00044,0.0528,28,11,0
12.6292,27.7348,16.2764,0.62,21.8628,1005.6976,5.2648,9.76304000000001,0.0002,0.0396,5,1,0
4.5732,8.7932,-1.4592,0.6356,7.3144,1032.8664,1.6836,9.99700000000001,0,0,12,2,0
3.1252,7.9188,-5.172,0.566,6.766,1022.6548,1.166,9.99700000000001,0,0,29,1,0
2.9404,38.0688,21.3372,0.5328,38.0324,1020.55,1.21,9.99700000000001,0,0,15,11,0
2.9772,28.186,18.8256,0.6932,25.908,1018.3872,2.8884,8.94436,0,0,3,2,0
2.1488,34.0076,29.3972,0.8376,33.016,1020.7504,1.6556,8.74084,0,0,1,12,0
5.1328,24.2892,15.7084,0.7016,22.66,1013.7212,2.2684,9.96384000000001,0.00044,0.0424,14,2,0
5.398,45.9236,39.6732,0.7928,45.1568,1009.7012,2.1808,8.56888,0.00592,0.2668,17,11,0
4.1344,37.942,33.2348,0.832,37.7448,1012.7396,1.388,9.03184,0.00008,0.0168,15,12,0
5.9104,28.9936,20.4868,0.7032,27.2264,1032.672,2.4692,9.99700000000001,0.00004,0.006,8,12,0
7.8084,28.0272,18.8768,0.7128,24.9936,1013.6368,3.1984,6.19596,0.00024,0.0216,30,1,0
5.1904,44.0252,32.6356,0.6564,43.946,1004.4932,2.1288,9.96276000000001,0.00008,0.0096,19,2,0
8.9124,26.3104,13.3152,0.5848,22.0868,1015.0428,4.3944,9.99700000000001,0,0,15,2,0
4.5652,34.4148,25.1124,0.7124,33.8184,1009.7976,1.7348,5.83564,0.00108,0.1072,25,2,0
4.8928,19.9036,12.8024,0.742,18.6976,1005.8888,2.0944,8.85836000000001,0,0,16,12,0
2.1804,33.044,29.6468,0.8728,33.044,1012.2064,1.1044,6.20476,0.00028,0.0456,20,1,0
4.03,4.7976,-1.5964,0.7464,2.392,1019.2892,1.7808,7.87656,0,0,31,12,0
1.454,33.816,27.8464,0.7876,33.816,1024.452,0.6152,7.602,0.00088,0.1032,3,1,0
0,27.0956,18.4136,0.7076,18.9964,1018.176,8.1368,9.99700000000001,0.003,0.212,27,12,0
11.2384,17.374,1.7116,0.502,13.4576,1031.3348,4.01,9.93820000000001,0,0,3,3,0
0,28.4356,19.6612,0.7052,20.626,1018.2188,8.14,9.99700000000001,0.00364,0.2104,22,12,0
0.7628,35.278,29.7512,0.8052,35.278,1023.6828,0.1728,9.85472,0,0,3,12,0
11.6964,29.1456,20.0476,0.6848,25.524,1007.382,4.0616,9.99700000000001,0,0,23,12,0
3.8108,44.7756,32.8036,0.6316,44.7756,1012.116,1.294,9.91692000000001,0.00064,0.0628,1,2,0
0,30.1812,21.2924,0.7036,22.756,1018.2556,8.1364,9.99700000000001,0.00392,0.2064,16,12,0
4.9592,4.3412,-1.2652,0.772,1.524,1015.5968,2.2664,7.41384,0.00028,0.0388,3,2,0
5.0856,27.2476,17.4236,0.6716,26.168,1025.1368,1.968,9.99700000000001,0,0,9,1,0
4.5456,48.18,36.712,0.676,48.1076,1011.042,1.8332,9.99700000000001,0.00004,0.0084,1,3,0
6.9864,33.7132,23.3464,0.6544,33.3212,1018.6808,2.0972,9.98584000000001,0.00004,0.0036,26,1,0
9.4228,15.0892,6.424,0.6916,10.3008,1001.4344,3.6672,7.63756,0,0,26,1,0
8.7676,40.9828,28.5828,0.6276,39.5036,1008.3476,3.2676,9.99700000000001,0,0,22,2,0
5.008,34.4844,33.2464,0.9532,31.8564,1010.1368,3.576,7.8014,0.00828,0.5452,17,12,0
1.1984,33.0536,25.7132,0.762,33.0536,1025.4684,0.182,9.97776000000001,0,0,20,11,0
4.5304,34.588,30.3876,0.848,32.3384,1022.0584,3.5548,8.81168,0.00036,0.04,16,12,0
11.1408,38.9508,28.8248,0.6688,36.5132,1013.236,4.2156,9.97464000000001,0,0,27,1,0
10.1336,54.1856,49.2376,0.8364,54.1856,998.7032,3.8,8.94648,0.01372,0.2844,15,12,0
6.5424,14.2136,2.4316,0.5928,12.2232,1017.4336,2.7032,9.99700000000001,0,0,26,1,0
4.1108,31.4676,22.3184,0.6908,31.0364,1030.2408,1.64,9.99700000000001,0,0,30,11,0
4.0412,14.1712,2.882,0.6088,13.2324,1025.2752,1.7328,9.99700000000001,0.00028,0.0248,8,2,0
7.4552,36.4224,26.2752,0.67,34.8908,1015.8348,2.8636,9.99700000000001,0,0,26,12,0
0,38.2824,29.156,0.706,32.752,1018.306,7.8984,9.99700000000001,0.00556,0.1864,21,11,0
3.4712,77.2604,67.9408,0.7572,79.156,1013.3412,1.3948,7.04232,0.00764,0.18,10,8,0
3.7664,76.5904,67.4072,0.7448,78.4452,1016.9928,1.3092,9.77588,0,0,4,8,0
3.5316,57.8024,55.5268,0.9216,57.8024,1012.2844,1.6516,7.82592,0.0044,0.2124,28,5,0
2.3928,48.3564,44.8616,0.8812,48.1568,992.8616,1.1672,6.97608,0.01032,0.5612,27,4,0
3.2408,65.6324,56.14,0.7304,65.6688,1017.918,1.178,9.9832,0,0,7,8,0
7.8648,61.9712,52.5084,0.7172,61.9712,1000.0232,3.0312,9.99700000000001,0.00188,0.0664,8,6,0
4.1268,61.6468,49.882,0.6688,61.6468,1014.988,1.3,9.99700000000001,0,0,26,9,0
7.1984,72.3396,59.8784,0.6672,72.6052,1009.9252,2.736,9.92872000000001,0.0006,0.0644,19,10,0
7.0424,60.1324,42.1028,0.5392,60.1324,1010.3612,2.62,9.99700000000001,0,0,9,10,0
10.5144,42.4064,31.5128,0.6532,40.3056,1015.9964,4.1004,9.99700000000001,0.00032,0.0484,11,11,0
8.6308,52.3044,47.0556,0.8236,52.2868,1019.244,2.8836,9.91692000000001,0.0002,0.0352,1,10,0
6.196,56.126,38.9384,0.5504,56.126,1019.8104,2.238,9.91248000000001,0.00176,0.0896,13,4,0
1.8512,42.6432,31.5908,0.6736,42.6432,1019.8968,0.8864,9.99700000000001,0,0,20,10,0
4.0952,44.4032,38.862,0.814,44.3152,1017.8276,1.6076,9.84672000000001,0.00236,0.1944,31,10,0
2.1812,66.2612,57.6416,0.764,66.3184,1014.8,1.5868,9.56948,0.00152,0.08,18,6,0
